{
  "Component-preload.js.map": 1706186942816,
  "model/models.js": 1706023007119,
  "utils/locate-reuse-libs.js": 1706023007115,
  "controller/MyTaskUI.controller.js": 1706023007139,
  "controller/App.controller.js": 1706186903407,
  "manifest.json": 1706186941946,
  "Component.js": 1706097294243,
  "controller/App-dbg.controller.js": 1706186903407,
  "controller/App.controller.js.map": 1706186942460,
  "utils/locate-reuse-libs-dbg.js": 1706023007115,
  "utils/locate-reuse-libs.js.map": 1706186942377,
  "controller/MyTaskUI-dbg.controller.js": 1706023007139,
  "controller/MyTaskUI.controller.js.map": 1706186942337,
  "model/models-dbg.js": 1706023007119,
  "model/models.js.map": 1706186942324,
  "Component-dbg.js": 1706097294243,
  "Component.js.map": 1706186942364,
  "Component-preload.js": 1706186942815,
  "i18n/i18n.properties": 1706023007111,
  "view/Fragments/WorkOrderValueHelp.fragment.xml": 1706180475358,
  "view/Fragments/Uomvaluehelp.fragment.xml": 1706178595683,
  "view/Fragments/SectionHelp.fragment.xml": 1706178556451,
  "view/Fragments/PhaseHelp.fragment.xml": 1706178518767,
  "view/Fragments/PayCodeValueHelp.fragment.xml": 1706178477399,
  "view/Fragments/JobValueHelp.fragment.xml": 1706178436678,
  "view/Fragments/Equipmentsending.fragment.xml": 1706178398766,
  "view/Fragments/Equipmentreceiving.fragment.xml": 1706178353810,
  "view/Fragments/CostCenterValueHelp.fragment.xml": 1706178312429,
  "view/Fragments/ActivityValueHelp.fragment.xml": 1706178267377,
  "view/MyTaskUI.view.xml": 1706023036035,
  "view/App.view.xml": 1706186701486,
  "css/style.css": 1706023007131,
  "index.html": 1706023007095
}