{
  "model/models.js": 1701853983829,
  "manifest.json": 1702653844647,
  "i18n/i18n.properties": 1701853983829,
  "controller/MyTaskUI.controller.js": 1701853983833,
  "controller/App.controller.js": 1702647862839,
  "utils/locate-reuse-libs.js": 1701853983829,
  "Component.js": 1701855350660,
  "controller/App-dbg.controller.js": 1702647862839,
  "controller/App.controller.js.map": 1702653845840,
  "controller/MyTaskUI-dbg.controller.js": 1701853983833,
  "controller/MyTaskUI.controller.js.map": 1702653845816,
  "model/models-dbg.js": 1701853983829,
  "model/models.js.map": 1702653845756,
  "utils/locate-reuse-libs-dbg.js": 1701853983829,
  "utils/locate-reuse-libs.js.map": 1702653845855,
  "Component-dbg.js": 1701855350660,
  "Component.js.map": 1702653845832,
  "Component-preload.js": 1702653846617,
  "Component-preload.js.map": 1702653846618,
  "view/Fragments/activityValues.fragment.xml": 1701859184353,
  "view/MyTaskUI.view.xml": 1701854035534,
  "view/App.view.xml": 1701945202144,
  "css/style.css": 1701853983833,
  "index.html": 1701853983825
}