{
  "view/App.view.xml": 1704249706967,
  "manifest.json": 1704253403977,
  "model/models.js": 1704249605067,
  "controller/MyTaskUI.controller.js": 1704249605079,
  "controller/App.controller.js": 1704252065644,
  "utils/locate-reuse-libs.js": 1704249605067,
  "Component.js": 1704251123982,
  "utils/locate-reuse-libs-dbg.js": 1704249605067,
  "utils/locate-reuse-libs.js.map": 1704253404331,
  "controller/MyTaskUI-dbg.controller.js": 1704249605079,
  "controller/MyTaskUI.controller.js.map": 1704253404267,
  "controller/App-dbg.controller.js": 1704252065644,
  "controller/App.controller.js.map": 1704253404419,
  "model/models-dbg.js": 1704249605067,
  "model/models.js.map": 1704253404236,
  "Component-dbg.js": 1704251123982,
  "Component.js.map": 1704253404282,
  "Component-preload.js": 1704253404660,
  "Component-preload.js.map": 1704253404660,
  "view/Fragments/WorkOrderValueHelp.fragment.xml": 1704251657482,
  "view/Fragments/Uomvaluehelp.fragment.xml": 1704251657482,
  "view/Fragments/SectionHelp.fragment.xml": 1704251657482,
  "view/Fragments/PhaseHelp.fragment.xml": 1704251657486,
  "view/Fragments/PayCodeValueHelp.fragment.xml": 1704251657486,
  "view/Fragments/JobValueHelp.fragment.xml": 1704251657486,
  "view/Fragments/Equipmentsending.fragment.xml": 1704251657486,
  "view/Fragments/Equipmentreceiving.fragment.xml": 1704251657486,
  "view/Fragments/CostCenterValueHelp.fragment.xml": 1704251323087,
  "view/Fragments/ActivityValueHelp.fragment.xml": 1704251281267,
  "view/MyTaskUI.view.xml": 1704249633215,
  "i18n/i18n.properties": 1704249605063,
  "css/style.css": 1704249605075,
  "index.html": 1704249605059
}