{
  "controller/App.controller.js.map": 1703509709989,
  "model/models.js": 1701862700011,
  "utils/locate-reuse-libs.js": 1701862700007,
  "controller/MyTaskUI.controller.js": 1701862700019,
  "controller/App.controller.js": 1703509702557,
  "manifest.json": 1703509709686,
  "Component.js": 1701863891425,
  "controller/MyTaskUI-dbg.controller.js": 1701862700019,
  "controller/MyTaskUI.controller.js.map": 1703509710002,
  "utils/locate-reuse-libs-dbg.js": 1701862700007,
  "utils/locate-reuse-libs.js.map": 1703509709999,
  "model/models-dbg.js": 1701862700011,
  "model/models.js.map": 1703509709981,
  "controller/App-dbg.controller.js": 1703509702557,
  "i18n/i18n.properties": 1701862700007,
  "Component-dbg.js": 1701863891425,
  "Component.js.map": 1703509710000,
  "Component-preload.js": 1703509710142,
  "Component-preload.js.map": 1703509710142,
  "view/MyTaskUI.view.xml": 1701862718787,
  "view/App.view.xml": 1703413189447,
  "css/style.css": 1701862700011,
  "index.html": 1701862700003
}