{
  "controller/App.controller.js": 1704372983919,
  "i18n/i18n.properties": 1704204300109,
  "model/models.js": 1704204300117,
  "controller/MyTaskUI.controller.js": 1704204300145,
  "utils/locate-reuse-libs.js": 1704204300117,
  "manifest.json": 1705948882604,
  "Component.js": 1705948847069,
  "model/models-dbg.js": 1704204300117,
  "model/models.js.map": 1705948882999,
  "controller/App-dbg.controller.js": 1704372983919,
  "controller/App.controller.js.map": 1705948883111,
  "controller/MyTaskUI-dbg.controller.js": 1704204300145,
  "controller/MyTaskUI.controller.js.map": 1705948883002,
  "utils/locate-reuse-libs-dbg.js": 1704204300117,
  "utils/locate-reuse-libs.js.map": 1705948883053,
  "Component-dbg.js": 1705948847069,
  "Component.js.map": 1705948883069,
  "Component-preload.js": 1705948883430,
  "Component-preload.js.map": 1705948883430,
  "view/Fragments/WorkOrderValueHelp.fragment.xml": 1704372688626,
  "view/Fragments/Uomvaluehelp.fragment.xml": 1704204909957,
  "view/Fragments/SectionHelp.fragment.xml": 1704204867897,
  "view/Fragments/PhaseHelp.fragment.xml": 1704204799908,
  "view/Fragments/PayCodeValueHelp.fragment.xml": 1704204773320,
  "view/Fragments/JobValueHelp.fragment.xml": 1704204741336,
  "view/Fragments/Equipmentsending.fragment.xml": 1704204712199,
  "view/Fragments/Equipmentreceiving.fragment.xml": 1704204678063,
  "view/Fragments/CostCenterValueHelp.fragment.xml": 1704204629675,
  "view/Fragments/ActivityValueHelp.fragment.xml": 1704372589810,
  "view/MyTaskUI.view.xml": 1704204329797,
  "view/App.view.xml": 1704371928496,
  "css/style.css": 1704204300137,
  "index.html": 1704204300109
}