{
  "welcomeFile": "/index.html",
  "authenticationMethod": "route",
  "routes": [
    {
      "source": "^/v2/(.*)$",
      "target": "/v2/$1",
      "destination": "MGCAPI_PRD2",
      "authenticationType": "xsuaa",
      "csrfProtection": false
    },
    {
      "source": "^/odata/(.*)$",
      "target": "/odata/$1",
      "destination": "sap-sf-emp-central_taskui_prd",
      "authenticationType": "xsuaa",
      "csrfProtection": false
    },
    {
      "source": "^/bpmworkflowruntime/(.*)$",
      "target": "/public/workflow/rest/$1",
      "service": "com.sap.spa.processautomation",
      "endpoint": "api",
      "authenticationType": "xsuaa"
    },
    {
      "source": "^/resources/(.*)$",
      "target": "/resources/$1",
      "authenticationType": "none",
      "destination": "ui5"
    },
    {
      "source": "^/test-resources/(.*)$",
      "target": "/test-resources/$1",
      "authenticationType": "none",
      "destination": "ui5"
    },
    {
      "source": "^(.*)$",
      "target": "$1",
      "service": "html5-apps-repo-rt",
      "authenticationType": "xsuaa"
    }
  ]
}
