{
  "Component-dbg.js": 1703146338548,
  "model/models.js": 1702643165265,
  "utils/locate-reuse-libs.js": 1702643165261,
  "controller/MyTaskUI.controller.js": 1702643165269,
  "controller/App.controller.js": 1703146328708,
  "manifest.json": 1703146599303,
  "Component.js": 1703146338548,
  "i18n/i18n.properties": 1702643165261,
  "Component.js.map": 1703146600481,
  "utils/locate-reuse-libs-dbg.js": 1702643165261,
  "utils/locate-reuse-libs.js.map": 1703146600442,
  "controller/MyTaskUI-dbg.controller.js": 1702643165269,
  "controller/MyTaskUI.controller.js.map": 1703146600346,
  "controller/App-dbg.controller.js": 1703146328708,
  "controller/App.controller.js.map": 1703146600442,
  "model/models-dbg.js": 1702643165265,
  "model/models.js.map": 1703146600352,
  "Component-preload.js": 1703146602466,
  "Component-preload.js.map": 1703146602471,
  "view/Fragments/wbsValues.fragment.xml": 1702979360505,
  "view/MyTaskUI.view.xml": 1702643194269,
  "view/App.view.xml": 1703145516680,
  "css/style.css": 1702643165269,
  "index.html": 1702643165257
}